Index,Name,Full_Name,Intensity,Space,Hemi,Region
1,RN_L,RN_L,1,MNI,L,subcortex
2,RN_R,RN_R,2,MNI,R,subcortex
3,SN_L,SN_L,3,MNI,L,subcortex
4,SN_R,SN_R,4,MNI,R,subcortex
5,STN_L,STN_L,5,MNI,L,subcortex
6,STN_R,STN_R,6,MNI,R,subcortex
7,Caud_L,Caud_L,7,MNI,L,subcortex
8,Caud_R,Caud_R,8,MNI,R,subcortex
9,Put_L,Put_L,9,MNI,L,subcortex
10,Put_R,Put_R,10,MNI,R,subcortex
11,GPe_L,GPe_L,11,MNI,L,subcortex
12,GPe_R,GPe_R,12,MNI,R,subcortex
13,Thalam_L,Thalam_L,15,MNI,L,subcortex
14,Thalam_R,Thalam_R,16,MNI,R,subcortex
15,Precentral_L,Precentral_L,2001,MNI,L,cortex
16,Precentral_R,Precentral_R,2002,MNI,R,cortex
17,Frontal_Sup_L,Frontal_Sup_L,2101,MNI,L,cortex
18,Frontal_Sup_R,Frontal_Sup_R,2102,MNI,R,cortex
19,Frontal_Sup_Orb_L,Frontal_Sup_Orb_L,2111,MNI,L,cortex
20,Frontal_Sup_Orb_R,Frontal_Sup_Orb_R,2112,MNI,R,cortex
21,Frontal_Mid_L,Frontal_Mid_L,2201,MNI,L,cortex
22,Frontal_Mid_R,Frontal_Mid_R,2202,MNI,R,cortex
23,Frontal_Mid_Orb_L,Frontal_Mid_Orb_L,2211,MNI,L,cortex
24,Frontal_Mid_Orb_R,Frontal_Mid_Orb_R,2212,MNI,R,cortex
25,Frontal_Inf_Oper_L,Frontal_Inf_Oper_L,2301,MNI,L,cortex
26,Frontal_Inf_Oper_R,Frontal_Inf_Oper_R,2302,MNI,R,cortex
27,Frontal_Inf_Tri_L,Frontal_Inf_Tri_L,2311,MNI,L,cortex
28,Frontal_Inf_Tri_R,Frontal_Inf_Tri_R,2312,MNI,R,cortex
29,Frontal_Inf_Orb_L,Frontal_Inf_Orb_L,2321,MNI,L,cortex
30,Frontal_Inf_Orb_R,Frontal_Inf_Orb_R,2322,MNI,R,cortex
31,Rolandic_Oper_L,Rolandic_Oper_L,2331,MNI,L,cortex
32,Rolandic_Oper_R,Rolandic_Oper_R,2332,MNI,R,cortex
33,Supp_Motor_Area_L,Supp_Motor_Area_L,2401,MNI,L,cortex
34,Supp_Motor_Area_R,Supp_Motor_Area_R,2402,MNI,R,cortex
35,Olfactory_L,Olfactory_L,2501,MNI,L,cortex
36,Olfactory_R,Olfactory_R,2502,MNI,R,cortex
37,Frontal_Sup_Medial_L,Frontal_Sup_Medial_L,2601,MNI,L,cortex
38,Frontal_Sup_Medial_R,Frontal_Sup_Medial_R,2602,MNI,R,cortex
39,Frontal_Med_Orb_L,Frontal_Med_Orb_L,2611,MNI,L,cortex
40,Frontal_Med_Orb_R,Frontal_Med_Orb_R,2612,MNI,R,cortex
41,Rectus_L,Rectus_L,2701,MNI,L,cortex
42,Rectus_R,Rectus_R,2702,MNI,R,cortex
43,Insula_L,Insula_L,3001,MNI,L,cortex
44,Insula_R,Insula_R,3002,MNI,R,cortex
45,Cingulum_Ant_L,Cingulum_Ant_L,4001,MNI,L,cortex
46,Cingulum_Ant_R,Cingulum_Ant_R,4002,MNI,R,cortex
47,Cingulum_Mid_L,Cingulum_Mid_L,4011,MNI,L,cortex
48,Cingulum_Mid_R,Cingulum_Mid_R,4012,MNI,R,cortex
49,Cingulum_Post_L,Cingulum_Post_L,4021,MNI,L,cortex
50,Cingulum_Post_R,Cingulum_Post_R,4022,MNI,R,cortex
51,ParaHippocampal_L,ParaHippocampal_L,4111,MNI,L,cortex
52,ParaHippocampal_R,ParaHippocampal_R,4112,MNI,R,cortex
53,Calcarine_L,Calcarine_L,5001,MNI,L,cortex
54,Calcarine_R,Calcarine_R,5002,MNI,R,cortex
55,Cuneus_L,Cuneus_L,5011,MNI,L,cortex
56,Cuneus_R,Cuneus_R,5012,MNI,R,cortex
57,Lingual_L,Lingual_L,5021,MNI,L,cortex
58,Lingual_R,Lingual_R,5022,MNI,R,cortex
59,Occipital_Sup_L,Occipital_Sup_L,5101,MNI,L,cortex
60,Occipital_Sup_R,Occipital_Sup_R,5102,MNI,R,cortex
61,Occipital_Mid_L,Occipital_Mid_L,5201,MNI,L,cortex
62,Occipital_Mid_R,Occipital_Mid_R,5202,MNI,R,cortex
63,Occipital_Inf_L,Occipital_Inf_L,5301,MNI,L,cortex
64,Occipital_Inf_R,Occipital_Inf_R,5302,MNI,R,cortex
65,Fusiform_L,Fusiform_L,5401,MNI,L,cortex
66,Fusiform_R,Fusiform_R,5402,MNI,R,cortex
67,Postcentral_L,Postcentral_L,6001,MNI,L,cortex
68,Postcentral_R,Postcentral_R,6002,MNI,R,cortex
69,Parietal_Sup_L,Parietal_Sup_L,6101,MNI,L,cortex
70,Parietal_Sup_R,Parietal_Sup_R,6102,MNI,R,cortex
71,Parietal_Inf_L,Parietal_Inf_L,6201,MNI,L,cortex
72,Parietal_Inf_R,Parietal_Inf_R,6202,MNI,R,cortex
73,SupraMarginal_L,SupraMarginal_L,6211,MNI,L,cortex
74,SupraMarginal_R,SupraMarginal_R,6212,MNI,R,cortex
75,Angular_L,Angular_L,6221,MNI,L,cortex
76,Angular_R,Angular_R,6222,MNI,R,cortex
77,Precuneus_L,Precuneus_L,6301,MNI,L,cortex
78,Precuneus_R,Precuneus_R,6302,MNI,R,cortex
79,Paracentral_Lobule_L,Paracentral_Lobule_L,6401,MNI,L,cortex
80,Paracentral_Lobule_R,Paracentral_Lobule_R,6402,MNI,R,cortex
81,Heschl_L,Heschl_L,8101,MNI,L,cortex
82,Heschl_R,Heschl_R,8102,MNI,R,cortex
83,Temporal_Sup_L,Temporal_Sup_L,8111,MNI,L,cortex
84,Temporal_Sup_R,Temporal_Sup_R,8112,MNI,R,cortex
85,Temporal_Pole_Sup_L,Temporal_Pole_Sup_L,8121,MNI,L,cortex
86,Temporal_Pole_Sup_R,Temporal_Pole_Sup_R,8122,MNI,R,cortex
87,Temporal_Mid_L,Temporal_Mid_L,8201,MNI,L,cortex
88,Temporal_Mid_R,Temporal_Mid_R,8202,MNI,R,cortex
89,Temporal_Pole_Mid_L,Temporal_Pole_Mid_L,8211,MNI,L,cortex
90,Temporal_Pole_Mid_R,Temporal_Pole_Mid_R,8212,MNI,R,cortex
91,Temporal_Inf_L,Temporal_Inf_L,8301,MNI,L,cortex
92,Temporal_Inf_R,Temporal_Inf_R,8302,MNI,R,cortex
